Annual Income (k$),Spending Score (1-100)
55.2962962962963,49.51851851851852
88.2,17.114285714285707
26.304347826086953,20.913043478260867
25.727272727272727,79.36363636363636
86.53846153846153,82.12820512820514
